{"cameraMode":{"drawMode":0,"name":"Shaded","section":"Shading Mode"},"sceneLighting":true,"audioPlay":false,"sceneViewState":{"m_AlwaysRefresh":false,"showFog":true,"showSkybox":true,"showFlares":true,"showImageEffects":true,"showParticleSystems":true,"showVisualEffectGraphs":true,"m_FxEnabled":true},"in2DMode":false,"pivot":{"x":442.9363708496094,"y":151.91864013671876,"z":359.5234680175781},"rotation":{"x":0.5365911722183228,"y":-0.0037973199505358936,"z":0.002415238181129098,"w":0.8438308835029602},"size":18.22170066833496,"orthographic":true}